start_point,endpoint_hash
tcqwir,edba40a591dc34c3fb0dd10c4b07cfe2966299fc47e58fb34a3de5e34643e39e
mxhohi,81361e720a49e835fc3b4a4e6c2e8ca7782c02a3e3a8f7b9a8e9128e7ff65359
cyfynw,29ec83a43f4d1d8b405f94a53504bc3884f437d7144a0652d1d420af371d9934
uyrmhe,a0a63d2429023c88f06617f4b783ba5f7e0299f841611ddb6876f85d74e16d9a
vlccul,0b304ab15ffb35d1e6f8343c028dd0e15c4b4783dea9164828eb839f3adfdbb1
yjzizb,0164e29e21c86be5697ed16ffb489bbb62b9e878a09cf8476aa9578fb59ceaf1
camepi,74518d745c3b51b8ba9a12389ef2377813d562c2236f1b23c4a0a21c9294d6d1
jgncqo,0d4ef44149d697021afc6051656b33b6d2a38ba481df2f58aa906684b915ea08
gxfdjf,acc6ec444e6e4bda58de3994d97dcc662d1c7e2e4f56971988d7945b8daed6dc
mdtpao,4cc30095c4f6f3948b1b290b89d8c67f292572bef04cf8935438aec55654d4b6
